id,performance_id,component_index,component_name,factor,panel_score,judges_scores
1,1,1,Composition,3.33,8.29,"7.75,8.50,8.25,8.25,8.25,8.25,8.75,8.25,8.25"
2,1,2,Presentation,3.33,8.25,"8.25,8.25,8.25,8.25,8.50,8.00,8.25,8.50,8.00"
3,1,3,Skating Skills,3.33,8.46,"8.50,8.50,8.50,8.50,8.25,8.50,8.50,8.50,8.25"
4,2,1,Composition,3.33,8.39,"8.25,8.75,8.50,7.75,8.50,7.50,8.75,8.25,8.75"
5,2,2,Presentation,3.33,8.21,"7.75,8.50,8.50,8.25,8.25,7.75,8.00,8.25,8.75"
6,2,3,Skating Skills,3.33,8.04,"8.25,8.50,8.25,7.75,7.75,7.75,7.75,8.00,8.50"
7,3,1,Composition,3.33,8.0,"8.00,8.25,7.75,8.00,8.00,8.25,8.25,7.50,7.75"
8,3,2,Presentation,3.33,7.89,"7.75,8.00,7.75,7.75,8.25,8.25,8.00,7.75,7.50"
9,3,3,Skating Skills,3.33,7.93,"7.50,7.75,7.75,8.00,8.00,8.50,8.25,8.00,7.75"
10,4,1,Composition,3.33,7.54,"7.50,7.50,7.75,7.75,7.75,7.50,7.50,7.25,7.25"
11,4,2,Presentation,3.33,7.61,"7.75,7.25,7.50,8.00,8.00,7.50,7.50,7.50,7.50"
12,4,3,Skating Skills,3.33,7.71,"7.75,7.25,7.75,7.75,7.50,7.75,7.75,7.75,7.75"
13,5,1,Composition,3.33,7.5,"7.25,7.75,7.50,7.50,7.75,7.50,7.25,7.25,7.75"
14,5,2,Presentation,3.33,7.5,"7.00,7.50,7.50,7.50,8.00,7.50,7.50,7.50,7.50"
15,5,3,Skating Skills,3.33,7.68,"7.75,7.50,7.75,7.75,8.00,7.25,7.50,7.75,7.75"
16,6,1,Composition,3.33,7.04,"7.50,8.00,6.50,6.50,6.50,7.25,7.50,7.00,7.00"
17,6,2,Presentation,3.33,7.32,"7.25,8.00,6.75,7.00,7.25,7.25,7.75,7.25,7.50"
18,6,3,Skating Skills,3.33,7.18,"6.50,7.75,6.50,7.25,6.75,7.50,7.50,7.25,7.50"
19,7,1,Composition,3.33,7.43,"6.75,8.00,7.25,7.25,7.75,7.25,7.50,7.25,7.75"
20,7,2,Presentation,3.33,7.46,"7.50,8.00,7.25,7.50,7.75,7.25,7.25,7.25,7.75"
21,7,3,Skating Skills,3.33,7.71,"7.75,8.25,7.50,7.25,7.75,7.75,7.75,7.50,8.00"
22,8,1,Composition,3.33,7.89,"8.00,8.25,7.50,8.25,8.00,7.75,7.75,8.00,7.50"
23,8,2,Presentation,3.33,7.75,"7.50,8.00,7.50,8.00,8.50,7.75,7.75,7.75,7.00"
24,8,3,Skating Skills,3.33,8.04,"8.00,8.25,7.50,8.25,8.50,7.50,8.25,8.25,7.75"
25,9,1,Composition,3.33,7.64,"6.25,8.25,7.50,6.75,8.00,7.75,7.50,8.50,7.75"
26,9,2,Presentation,3.33,7.75,"7.00,8.00,7.75,6.75,8.25,7.75,7.75,8.25,7.75"
27,9,3,Skating Skills,3.33,7.79,"7.25,8.25,7.75,7.00,7.75,7.50,7.75,8.50,8.25"
28,10,1,Composition,3.33,6.86,"6.75,7.25,6.75,6.75,6.75,6.00,6.75,7.00,7.25"
29,10,2,Presentation,3.33,6.75,"6.50,6.75,6.50,6.50,7.00,6.00,7.00,7.25,7.00"
30,10,3,Skating Skills,3.33,6.93,"6.75,7.50,6.75,6.75,6.75,6.50,6.75,7.25,7.50"
31,11,1,Composition,3.33,7.5,"7.50,7.75,7.00,7.50,7.50,7.75,7.25,7.50,7.50"
32,11,2,Presentation,3.33,7.5,"7.50,7.50,7.00,7.75,7.75,7.50,7.50,7.25,7.50"
33,11,3,Skating Skills,3.33,7.93,"8.00,8.25,8.00,7.75,7.50,7.50,8.00,8.00,8.25"
34,12,1,Composition,3.33,5.93,"5.50,6.50,6.00,5.75,5.75,5.75,6.25,5.75,6.25"
35,12,2,Presentation,3.33,5.89,"5.75,6.00,6.00,5.50,6.25,5.75,6.50,5.75,5.75"
36,12,3,Skating Skills,3.33,6.36,"6.50,6.25,6.25,5.75,6.50,6.25,6.25,6.50,6.50"
37,13,1,Composition,1.67,8.25,"8.00,8.50,7.50,8.00,8.50,8.25,8.50,8.25,8.25"
38,13,2,Presentation,1.67,8.0,"7.75,8.25,7.75,8.00,8.25,8.00,8.00,8.00,8.00"
39,13,3,Skating Skills,1.67,8.21,"8.25,8.25,7.75,8.25,8.00,8.50,8.25,8.25,8.25"
40,14,1,Composition,1.67,8.11,"8.25,8.50,8.50,7.75,8.25,7.50,8.00,8.00,8.00"
41,14,2,Presentation,1.67,8.32,"8.50,8.50,8.50,8.25,8.50,7.75,8.25,7.75,8.50"
42,14,3,Skating Skills,1.67,7.93,"8.25,8.25,8.25,7.75,7.75,7.75,7.75,7.75,8.00"
43,15,1,Composition,1.67,8.11,"8.50,8.00,7.75,8.00,8.50,8.00,8.25,7.75,8.25"
44,15,2,Presentation,1.67,8.04,"8.00,7.75,7.75,8.25,8.75,8.00,8.50,7.75,8.00"
45,15,3,Skating Skills,1.67,8.07,"8.00,7.75,7.75,8.00,8.25,8.50,8.25,7.50,8.50"
46,16,1,Composition,1.67,7.89,"8.00,8.00,8.50,7.50,8.00,8.25,8.00,7.50,7.50"
47,16,2,Presentation,1.67,8.0,"8.00,7.75,8.25,7.75,8.75,8.25,8.25,7.75,7.75"
48,16,3,Skating Skills,1.67,8.36,"8.50,8.25,8.25,8.00,8.50,8.75,8.50,8.25,8.25"
49,17,1,Composition,1.67,7.75,"8.25,8.25,7.75,7.75,8.00,7.25,7.00,7.50,7.75"
50,17,2,Presentation,1.67,7.68,"8.25,8.00,7.50,7.75,8.50,7.00,7.25,7.25,7.75"
51,17,3,Skating Skills,1.67,7.75,"8.00,8.25,7.50,7.50,8.25,7.50,7.50,7.50,8.00"
52,18,1,Composition,1.67,7.43,"8.00,7.25,7.50,7.75,7.50,7.50,7.25,7.25,7.25"
53,18,2,Presentation,1.67,7.5,"7.50,7.50,7.75,7.75,8.00,7.50,7.50,7.00,7.00"
54,18,3,Skating Skills,1.67,7.5,"7.75,7.25,7.50,7.50,7.75,7.25,7.50,7.50,7.50"
55,19,1,Composition,1.67,8.36,"8.50,8.50,8.25,8.50,8.75,8.00,8.00,7.50,8.75"
56,19,2,Presentation,1.67,8.32,"8.50,8.50,8.25,8.25,8.25,8.25,8.25,7.50,8.50"
57,19,3,Skating Skills,1.67,8.29,"8.25,8.25,8.50,8.50,8.50,8.00,8.00,7.75,8.75"
58,20,1,Composition,1.67,6.93,"6.75,7.25,6.50,7.00,7.25,6.75,7.00,6.75,7.00"
59,20,2,Presentation,1.67,6.93,"7.25,7.25,6.75,7.00,7.75,6.75,6.75,6.75,6.75"
60,20,3,Skating Skills,1.67,7.14,"7.25,7.00,6.75,7.25,7.50,7.00,7.00,7.25,7.25"
61,21,1,Composition,1.67,7.54,"7.50,7.25,8.00,8.00,8.00,7.25,7.25,7.50,7.25"
62,21,2,Presentation,1.67,7.43,"7.25,7.00,7.75,7.50,7.75,7.75,7.25,7.50,6.75"
63,21,3,Skating Skills,1.67,7.64,"7.50,7.25,8.00,8.00,8.00,7.25,7.50,7.75,7.50"
64,22,1,Composition,1.67,6.14,"6.00,6.75,6.00,6.00,6.50,5.75,6.25,6.50,5.75"
65,22,2,Presentation,1.67,6.29,"6.25,6.50,6.25,6.25,6.75,5.75,6.75,6.25,5.50"
66,22,3,Skating Skills,1.67,6.43,"6.75,7.25,6.50,6.00,6.25,6.25,6.50,6.50,6.25"
67,23,1,Composition,1.67,7.68,"7.25,8.25,8.25,7.00,7.50,8.00,7.50,7.50,7.75"
68,23,2,Presentation,1.67,7.79,"7.25,8.00,8.00,7.25,8.00,8.25,7.75,7.50,8.00"
69,23,3,Skating Skills,1.67,7.93,"7.50,8.25,8.25,7.50,7.75,8.25,7.75,7.75,8.25"
70,24,1,Composition,1.67,6.89,"6.75,7.25,7.50,6.75,7.00,6.75,6.75,6.25,7.00"
71,24,2,Presentation,1.67,6.75,"6.25,7.25,7.25,6.50,7.25,6.50,7.00,6.50,6.25"
72,24,3,Skating Skills,1.67,7.14,"7.25,7.25,7.50,7.00,6.75,6.50,7.25,7.00,7.50"
73,25,1,Composition,2.67,8.29,"8.25,8.25,8.00,8.25,8.50,8.00,8.25,8.50,8.50"
74,25,2,Presentation,2.67,8.32,"8.25,8.50,8.25,8.00,8.25,8.25,8.50,9.00,8.25"
75,25,3,Skating Skills,2.67,8.29,"8.25,8.25,8.25,8.25,8.25,8.25,8.25,8.75,8.50"
76,26,1,Composition,2.67,8.57,"8.25,8.75,8.75,8.50,8.75,8.50,8.25,8.75,8.50"
77,26,2,Presentation,2.67,8.5,"8.50,8.25,8.50,8.75,8.50,8.25,8.50,8.50,8.75"
78,26,3,Skating Skills,2.67,8.46,"8.00,8.50,8.75,8.50,8.50,8.00,8.50,8.50,8.75"
79,27,1,Composition,2.67,8.04,"8.00,7.75,7.75,8.00,8.25,8.25,7.75,8.25,8.25"
80,27,2,Presentation,2.67,8.07,"7.75,7.75,7.75,8.25,8.00,8.50,7.75,8.50,8.50"
81,27,3,Skating Skills,2.67,7.93,"7.75,7.75,7.50,8.00,8.25,8.00,7.75,8.00,8.25"
82,28,1,Composition,2.67,7.93,"8.25,8.00,7.50,7.75,8.00,7.75,7.50,8.25,8.25"
83,28,2,Presentation,2.67,7.82,"8.00,8.00,7.25,7.50,7.50,8.00,7.75,8.00,8.25"
84,28,3,Skating Skills,2.67,7.89,"8.00,8.00,7.50,7.75,7.75,8.00,8.00,7.75,8.00"
85,29,1,Composition,2.67,7.93,"7.75,8.50,7.50,8.00,8.50,7.50,7.75,7.50,8.50"
86,29,2,Presentation,2.67,7.79,"7.50,8.00,7.25,7.75,8.00,7.75,7.75,7.75,8.50"
87,29,3,Skating Skills,2.67,8.04,"7.75,8.00,7.75,8.25,8.25,7.75,8.25,8.00,8.50"
88,30,1,Composition,2.67,7.57,"7.00,6.75,7.50,7.75,8.00,7.50,7.50,8.00,7.75"
89,30,2,Presentation,2.67,7.57,"7.25,7.50,7.50,7.50,7.50,7.50,7.75,8.00,7.75"
90,30,3,Skating Skills,2.67,7.75,"7.50,7.25,7.75,7.50,7.75,7.75,8.25,8.25,7.75"
91,31,1,Composition,2.67,7.0,"7.50,6.75,6.75,7.50,6.50,6.75,6.75,7.25,7.25"
92,31,2,Presentation,2.67,7.07,"7.25,7.25,6.50,7.25,6.75,6.50,7.25,7.50,7.25"
93,31,3,Skating Skills,2.67,6.93,"7.25,6.75,6.75,7.25,7.00,6.75,6.75,6.50,7.25"
94,32,1,Composition,2.67,7.36,"7.50,7.75,7.50,7.00,7.50,7.25,7.25,7.00,7.50"
95,32,2,Presentation,2.67,7.25,"7.25,7.00,7.50,6.75,7.50,7.00,7.50,7.00,7.75"
96,32,3,Skating Skills,2.67,7.61,"7.75,7.50,7.25,6.75,7.75,7.50,7.75,7.75,7.75"
97,33,1,Composition,2.67,7.29,"7.00,7.25,6.75,7.75,7.50,7.50,6.50,7.25,8.00"
98,33,2,Presentation,2.67,7.04,"6.25,7.00,6.50,7.25,7.25,7.25,7.25,6.75,8.00"
99,33,3,Skating Skills,2.67,7.54,"7.50,7.50,7.25,7.50,7.75,7.50,7.50,7.50,7.75"
100,34,1,Composition,2.67,7.32,"6.75,8.00,7.25,7.25,7.25,7.50,6.75,7.50,7.75"
101,34,2,Presentation,2.67,7.43,"7.50,7.75,6.75,7.00,7.50,7.25,7.25,7.75,7.75"
102,34,3,Skating Skills,2.67,7.46,"7.00,7.50,7.00,7.50,7.75,7.25,7.75,7.75,7.50"
103,35,1,Composition,2.67,6.54,"6.50,6.00,6.00,7.00,6.50,6.75,6.00,7.00,7.50"
104,35,2,Presentation,2.67,6.43,"6.25,6.50,6.00,6.75,6.50,6.25,5.50,6.75,7.25"
105,35,3,Skating Skills,2.67,6.64,"6.50,6.50,6.25,6.50,7.00,6.50,6.75,6.75,7.25"
106,36,1,Composition,1.33,8.5,"8.25,8.75,8.25,8.50,8.75,8.50,8.00,9.00,8.50"
107,36,2,Presentation,1.33,8.57,"8.50,9.25,8.50,8.50,8.50,8.75,8.25,8.75,8.50"
108,36,3,Skating Skills,1.33,8.46,"8.50,9.00,8.50,8.25,8.50,8.50,8.00,8.50,8.50"
109,37,1,Composition,1.33,8.04,"8.00,8.25,7.75,8.25,8.50,7.75,7.25,8.25,8.00"
110,37,2,Presentation,1.33,8.18,"8.00,8.75,8.25,8.00,8.25,8.25,8.00,8.50,8.00"
111,37,3,Skating Skills,1.33,8.18,"8.25,8.75,8.00,8.25,8.50,8.00,8.00,8.00,8.25"
112,38,1,Composition,1.33,8.36,"8.25,8.50,8.25,8.75,8.50,7.75,8.25,8.50,8.25"
113,38,2,Presentation,1.33,8.32,"8.25,8.50,8.00,8.25,8.25,8.00,8.50,9.00,8.50"
114,38,3,Skating Skills,1.33,8.39,"8.50,8.50,8.25,8.50,8.25,8.00,8.25,8.75,8.50"
115,39,1,Composition,1.33,8.0,"8.00,8.25,7.75,7.75,8.00,7.25,7.75,8.50,8.50"
116,39,2,Presentation,1.33,7.79,"7.50,8.25,7.25,7.50,7.50,7.50,8.25,8.00,8.50"
117,39,3,Skating Skills,1.33,7.86,"8.00,8.00,7.50,7.75,7.75,7.25,7.75,8.25,8.50"
118,40,1,Composition,1.33,8.04,"8.25,7.50,7.75,8.25,8.50,7.50,7.75,8.50,8.25"
119,40,2,Presentation,1.33,8.18,"8.25,7.75,7.50,8.50,8.25,7.75,8.25,8.50,8.50"
120,40,3,Skating Skills,1.33,8.07,"8.25,8.00,7.75,8.25,8.25,7.25,7.75,8.25,8.25"
121,41,1,Composition,1.33,7.54,"7.50,8.00,7.25,7.75,7.75,7.50,7.25,7.50,7.50"
122,41,2,Presentation,1.33,7.5,"7.50,7.75,7.25,8.25,7.50,7.25,8.00,7.25,7.25"
123,41,3,Skating Skills,1.33,7.75,"7.75,8.00,7.75,7.75,7.75,7.50,8.25,7.75,7.50"
124,42,1,Composition,1.33,7.61,"7.25,8.00,7.50,7.75,7.50,7.50,7.50,8.00,7.50"
125,42,2,Presentation,1.33,7.86,"7.50,8.25,7.50,8.00,7.75,8.00,7.75,8.25,7.75"
126,42,3,Skating Skills,1.33,7.68,"7.25,7.75,7.75,7.50,7.75,7.75,7.75,7.75,7.50"
127,43,1,Composition,1.33,6.96,"7.00,7.25,6.75,7.50,6.50,6.50,6.75,7.00,7.50"
128,43,2,Presentation,1.33,7.11,"6.75,7.50,7.00,7.25,6.50,7.00,7.00,7.25,7.50"
129,43,3,Skating Skills,1.33,7.0,"7.00,7.50,6.75,7.00,6.75,6.75,7.25,6.75,7.50"
130,44,1,Composition,1.33,7.5,"7.75,7.50,7.25,7.25,7.50,7.00,7.50,8.00,7.75"
131,44,2,Presentation,1.33,7.32,"7.50,7.25,7.00,7.00,7.25,7.00,8.00,7.75,7.50"
132,44,3,Skating Skills,1.33,7.57,"7.75,7.75,7.25,7.25,7.50,7.25,7.75,8.00,7.75"
133,45,1,Composition,1.33,6.89,"7.25,7.50,6.50,6.75,6.50,6.75,6.50,7.25,7.25"
134,45,2,Presentation,1.33,6.86,"6.75,7.50,6.50,7.00,6.50,6.25,7.00,7.00,7.25"
135,45,3,Skating Skills,1.33,6.71,"6.50,7.50,6.75,6.75,6.25,6.50,6.50,6.75,7.25"
136,46,1,Composition,1.33,7.79,"7.75,8.00,8.00,7.75,7.00,7.75,7.75,8.25,7.50"
137,46,2,Presentation,1.33,7.79,"8.00,7.75,7.75,8.00,7.25,7.75,7.50,8.50,7.75"
138,46,3,Skating Skills,1.33,7.61,"7.75,7.75,8.00,7.50,7.25,7.50,7.25,7.75,7.75"
139,47,1,Composition,3.33,8.29,"7.75,8.50,8.25,8.25,8.25,8.25,8.75,8.25,8.25"
140,47,2,Presentation,3.33,8.25,"8.25,8.25,8.25,8.25,8.50,8.00,8.25,8.50,8.00"
141,47,3,Skating Skills,3.33,8.46,"8.50,8.50,8.50,8.50,8.25,8.50,8.50,8.50,8.25"
142,48,1,Composition,3.33,8.39,"8.25,8.75,8.50,7.75,8.50,7.50,8.75,8.25,8.75"
143,48,2,Presentation,3.33,8.21,"7.75,8.50,8.50,8.25,8.25,7.75,8.00,8.25,8.75"
144,48,3,Skating Skills,3.33,8.04,"8.25,8.50,8.25,7.75,7.75,7.75,7.75,8.00,8.50"
145,49,1,Composition,3.33,8.0,"8.00,8.25,7.75,8.00,8.00,8.25,8.25,7.50,7.75"
146,49,2,Presentation,3.33,7.89,"7.75,8.00,7.75,7.75,8.25,8.25,8.00,7.75,7.50"
147,49,3,Skating Skills,3.33,7.93,"7.50,7.75,7.75,8.00,8.00,8.50,8.25,8.00,7.75"
148,50,1,Composition,3.33,7.54,"7.50,7.50,7.75,7.75,7.75,7.50,7.50,7.25,7.25"
149,50,2,Presentation,3.33,7.61,"7.75,7.25,7.50,8.00,8.00,7.50,7.50,7.50,7.50"
150,50,3,Skating Skills,3.33,7.71,"7.75,7.25,7.75,7.75,7.50,7.75,7.75,7.75,7.75"
151,51,1,Composition,3.33,7.5,"7.25,7.75,7.50,7.50,7.75,7.50,7.25,7.25,7.75"
152,51,2,Presentation,3.33,7.5,"7.00,7.50,7.50,7.50,8.00,7.50,7.50,7.50,7.50"
153,51,3,Skating Skills,3.33,7.68,"7.75,7.50,7.75,7.75,8.00,7.25,7.50,7.75,7.75"
154,52,1,Composition,3.33,7.04,"7.50,8.00,6.50,6.50,6.50,7.25,7.50,7.00,7.00"
155,52,2,Presentation,3.33,7.32,"7.25,8.00,6.75,7.00,7.25,7.25,7.75,7.25,7.50"
156,52,3,Skating Skills,3.33,7.18,"6.50,7.75,6.50,7.25,6.75,7.50,7.50,7.25,7.50"
157,53,1,Composition,3.33,7.43,"6.75,8.00,7.25,7.25,7.75,7.25,7.50,7.25,7.75"
158,53,2,Presentation,3.33,7.46,"7.50,8.00,7.25,7.50,7.75,7.25,7.25,7.25,7.75"
159,53,3,Skating Skills,3.33,7.71,"7.75,8.25,7.50,7.25,7.75,7.75,7.75,7.50,8.00"
160,54,1,Composition,3.33,7.89,"8.00,8.25,7.50,8.25,8.00,7.75,7.75,8.00,7.50"
161,54,2,Presentation,3.33,7.75,"7.50,8.00,7.50,8.00,8.50,7.75,7.75,7.75,7.00"
162,54,3,Skating Skills,3.33,8.04,"8.00,8.25,7.50,8.25,8.50,7.50,8.25,8.25,7.75"
163,55,1,Composition,3.33,7.64,"6.25,8.25,7.50,6.75,8.00,7.75,7.50,8.50,7.75"
164,55,2,Presentation,3.33,7.75,"7.00,8.00,7.75,6.75,8.25,7.75,7.75,8.25,7.75"
165,55,3,Skating Skills,3.33,7.79,"7.25,8.25,7.75,7.00,7.75,7.50,7.75,8.50,8.25"
166,56,1,Composition,3.33,6.86,"6.75,7.25,6.75,6.75,6.75,6.00,6.75,7.00,7.25"
167,56,2,Presentation,3.33,6.75,"6.50,6.75,6.50,6.50,7.00,6.00,7.00,7.25,7.00"
168,56,3,Skating Skills,3.33,6.93,"6.75,7.50,6.75,6.75,6.75,6.50,6.75,7.25,7.50"
169,57,1,Composition,3.33,7.5,"7.50,7.75,7.00,7.50,7.50,7.75,7.25,7.50,7.50"
170,57,2,Presentation,3.33,7.5,"7.50,7.50,7.00,7.75,7.75,7.50,7.50,7.25,7.50"
171,57,3,Skating Skills,3.33,7.93,"8.00,8.25,8.00,7.75,7.50,7.50,8.00,8.00,8.25"
172,58,1,Composition,3.33,5.93,"5.50,6.50,6.00,5.75,5.75,5.75,6.25,5.75,6.25"
173,58,2,Presentation,3.33,5.89,"5.75,6.00,6.00,5.50,6.25,5.75,6.50,5.75,5.75"
174,58,3,Skating Skills,3.33,6.36,"6.50,6.25,6.25,5.75,6.50,6.25,6.25,6.50,6.50"
175,59,1,Composition,1.67,8.25,"8.00,8.50,7.50,8.00,8.50,8.25,8.50,8.25,8.25"
176,59,2,Presentation,1.67,8.0,"7.75,8.25,7.75,8.00,8.25,8.00,8.00,8.00,8.00"
177,59,3,Skating Skills,1.67,8.21,"8.25,8.25,7.75,8.25,8.00,8.50,8.25,8.25,8.25"
178,60,1,Composition,1.67,8.11,"8.25,8.50,8.50,7.75,8.25,7.50,8.00,8.00,8.00"
179,60,2,Presentation,1.67,8.32,"8.50,8.50,8.50,8.25,8.50,7.75,8.25,7.75,8.50"
180,60,3,Skating Skills,1.67,7.93,"8.25,8.25,8.25,7.75,7.75,7.75,7.75,7.75,8.00"
181,61,1,Composition,1.67,8.11,"8.50,8.00,7.75,8.00,8.50,8.00,8.25,7.75,8.25"
182,61,2,Presentation,1.67,8.04,"8.00,7.75,7.75,8.25,8.75,8.00,8.50,7.75,8.00"
183,61,3,Skating Skills,1.67,8.07,"8.00,7.75,7.75,8.00,8.25,8.50,8.25,7.50,8.50"
184,62,1,Composition,1.67,7.89,"8.00,8.00,8.50,7.50,8.00,8.25,8.00,7.50,7.50"
185,62,2,Presentation,1.67,8.0,"8.00,7.75,8.25,7.75,8.75,8.25,8.25,7.75,7.75"
186,62,3,Skating Skills,1.67,8.36,"8.50,8.25,8.25,8.00,8.50,8.75,8.50,8.25,8.25"
187,63,1,Composition,1.67,7.75,"8.25,8.25,7.75,7.75,8.00,7.25,7.00,7.50,7.75"
188,63,2,Presentation,1.67,7.68,"8.25,8.00,7.50,7.75,8.50,7.00,7.25,7.25,7.75"
189,63,3,Skating Skills,1.67,7.75,"8.00,8.25,7.50,7.50,8.25,7.50,7.50,7.50,8.00"
190,64,1,Composition,1.67,7.43,"8.00,7.25,7.50,7.75,7.50,7.50,7.25,7.25,7.25"
191,64,2,Presentation,1.67,7.5,"7.50,7.50,7.75,7.75,8.00,7.50,7.50,7.00,7.00"
192,64,3,Skating Skills,1.67,7.5,"7.75,7.25,7.50,7.50,7.75,7.25,7.50,7.50,7.50"
193,65,1,Composition,1.67,8.36,"8.50,8.50,8.25,8.50,8.75,8.00,8.00,7.50,8.75"
194,65,2,Presentation,1.67,8.32,"8.50,8.50,8.25,8.25,8.25,8.25,8.25,7.50,8.50"
195,65,3,Skating Skills,1.67,8.29,"8.25,8.25,8.50,8.50,8.50,8.00,8.00,7.75,8.75"
196,66,1,Composition,1.67,6.93,"6.75,7.25,6.50,7.00,7.25,6.75,7.00,6.75,7.00"
197,66,2,Presentation,1.67,6.93,"7.25,7.25,6.75,7.00,7.75,6.75,6.75,6.75,6.75"
198,66,3,Skating Skills,1.67,7.14,"7.25,7.00,6.75,7.25,7.50,7.00,7.00,7.25,7.25"
199,67,1,Composition,1.67,7.54,"7.50,7.25,8.00,8.00,8.00,7.25,7.25,7.50,7.25"
200,67,2,Presentation,1.67,7.43,"7.25,7.00,7.75,7.50,7.75,7.75,7.25,7.50,6.75"
201,67,3,Skating Skills,1.67,7.64,"7.50,7.25,8.00,8.00,8.00,7.25,7.50,7.75,7.50"
202,68,1,Composition,1.67,6.14,"6.00,6.75,6.00,6.00,6.50,5.75,6.25,6.50,5.75"
203,68,2,Presentation,1.67,6.29,"6.25,6.50,6.25,6.25,6.75,5.75,6.75,6.25,5.50"
204,68,3,Skating Skills,1.67,6.43,"6.75,7.25,6.50,6.00,6.25,6.25,6.50,6.50,6.25"
205,69,1,Composition,1.67,7.68,"7.25,8.25,8.25,7.00,7.50,8.00,7.50,7.50,7.75"
206,69,2,Presentation,1.67,7.79,"7.25,8.00,8.00,7.25,8.00,8.25,7.75,7.50,8.00"
207,69,3,Skating Skills,1.67,7.93,"7.50,8.25,8.25,7.50,7.75,8.25,7.75,7.75,8.25"
208,70,1,Composition,1.67,6.89,"6.75,7.25,7.50,6.75,7.00,6.75,6.75,6.25,7.00"
209,70,2,Presentation,1.67,6.75,"6.25,7.25,7.25,6.50,7.25,6.50,7.00,6.50,6.25"
210,70,3,Skating Skills,1.67,7.14,"7.25,7.25,7.50,7.00,6.75,6.50,7.25,7.00,7.50"
211,71,1,Composition,2.67,8.29,"8.25,8.25,8.00,8.25,8.50,8.00,8.25,8.50,8.50"
212,71,2,Presentation,2.67,8.32,"8.25,8.50,8.25,8.00,8.25,8.25,8.50,9.00,8.25"
213,71,3,Skating Skills,2.67,8.29,"8.25,8.25,8.25,8.25,8.25,8.25,8.25,8.75,8.50"
214,72,1,Composition,2.67,8.57,"8.25,8.75,8.75,8.50,8.75,8.50,8.25,8.75,8.50"
215,72,2,Presentation,2.67,8.5,"8.50,8.25,8.50,8.75,8.50,8.25,8.50,8.50,8.75"
216,72,3,Skating Skills,2.67,8.46,"8.00,8.50,8.75,8.50,8.50,8.00,8.50,8.50,8.75"
217,73,1,Composition,2.67,8.04,"8.00,7.75,7.75,8.00,8.25,8.25,7.75,8.25,8.25"
218,73,2,Presentation,2.67,8.07,"7.75,7.75,7.75,8.25,8.00,8.50,7.75,8.50,8.50"
219,73,3,Skating Skills,2.67,7.93,"7.75,7.75,7.50,8.00,8.25,8.00,7.75,8.00,8.25"
220,74,1,Composition,2.67,7.93,"8.25,8.00,7.50,7.75,8.00,7.75,7.50,8.25,8.25"
221,74,2,Presentation,2.67,7.82,"8.00,8.00,7.25,7.50,7.50,8.00,7.75,8.00,8.25"
222,74,3,Skating Skills,2.67,7.89,"8.00,8.00,7.50,7.75,7.75,8.00,8.00,7.75,8.00"
223,75,1,Composition,2.67,7.93,"7.75,8.50,7.50,8.00,8.50,7.50,7.75,7.50,8.50"
224,75,2,Presentation,2.67,7.79,"7.50,8.00,7.25,7.75,8.00,7.75,7.75,7.75,8.50"
225,75,3,Skating Skills,2.67,8.04,"7.75,8.00,7.75,8.25,8.25,7.75,8.25,8.00,8.50"
226,76,1,Composition,2.67,7.57,"7.00,6.75,7.50,7.75,8.00,7.50,7.50,8.00,7.75"
227,76,2,Presentation,2.67,7.57,"7.25,7.50,7.50,7.50,7.50,7.50,7.75,8.00,7.75"
228,76,3,Skating Skills,2.67,7.75,"7.50,7.25,7.75,7.50,7.75,7.75,8.25,8.25,7.75"
229,77,1,Composition,2.67,7.0,"7.50,6.75,6.75,7.50,6.50,6.75,6.75,7.25,7.25"
230,77,2,Presentation,2.67,7.07,"7.25,7.25,6.50,7.25,6.75,6.50,7.25,7.50,7.25"
231,77,3,Skating Skills,2.67,6.93,"7.25,6.75,6.75,7.25,7.00,6.75,6.75,6.50,7.25"
232,78,1,Composition,2.67,7.36,"7.50,7.75,7.50,7.00,7.50,7.25,7.25,7.00,7.50"
233,78,2,Presentation,2.67,7.25,"7.25,7.00,7.50,6.75,7.50,7.00,7.50,7.00,7.75"
234,78,3,Skating Skills,2.67,7.61,"7.75,7.50,7.25,6.75,7.75,7.50,7.75,7.75,7.75"
235,79,1,Composition,2.67,7.29,"7.00,7.25,6.75,7.75,7.50,7.50,6.50,7.25,8.00"
236,79,2,Presentation,2.67,7.04,"6.25,7.00,6.50,7.25,7.25,7.25,7.25,6.75,8.00"
237,79,3,Skating Skills,2.67,7.54,"7.50,7.50,7.25,7.50,7.75,7.50,7.50,7.50,7.75"
238,80,1,Composition,2.67,7.32,"6.75,8.00,7.25,7.25,7.25,7.50,6.75,7.50,7.75"
239,80,2,Presentation,2.67,7.43,"7.50,7.75,6.75,7.00,7.50,7.25,7.25,7.75,7.75"
240,80,3,Skating Skills,2.67,7.46,"7.00,7.50,7.00,7.50,7.75,7.25,7.75,7.75,7.50"
241,81,1,Composition,2.67,6.54,"6.50,6.00,6.00,7.00,6.50,6.75,6.00,7.00,7.50"
242,81,2,Presentation,2.67,6.43,"6.25,6.50,6.00,6.75,6.50,6.25,5.50,6.75,7.25"
243,81,3,Skating Skills,2.67,6.64,"6.50,6.50,6.25,6.50,7.00,6.50,6.75,6.75,7.25"
244,82,1,Composition,1.33,8.5,"8.25,8.75,8.25,8.50,8.75,8.50,8.00,9.00,8.50"
245,82,2,Presentation,1.33,8.57,"8.50,9.25,8.50,8.50,8.50,8.75,8.25,8.75,8.50"
246,82,3,Skating Skills,1.33,8.46,"8.50,9.00,8.50,8.25,8.50,8.50,8.00,8.50,8.50"
247,83,1,Composition,1.33,8.04,"8.00,8.25,7.75,8.25,8.50,7.75,7.25,8.25,8.00"
248,83,2,Presentation,1.33,8.18,"8.00,8.75,8.25,8.00,8.25,8.25,8.00,8.50,8.00"
249,83,3,Skating Skills,1.33,8.18,"8.25,8.75,8.00,8.25,8.50,8.00,8.00,8.00,8.25"
250,84,1,Composition,1.33,8.36,"8.25,8.50,8.25,8.75,8.50,7.75,8.25,8.50,8.25"
251,84,2,Presentation,1.33,8.32,"8.25,8.50,8.00,8.25,8.25,8.00,8.50,9.00,8.50"
252,84,3,Skating Skills,1.33,8.39,"8.50,8.50,8.25,8.50,8.25,8.00,8.25,8.75,8.50"
253,85,1,Composition,1.33,8.0,"8.00,8.25,7.75,7.75,8.00,7.25,7.75,8.50,8.50"
254,85,2,Presentation,1.33,7.79,"7.50,8.25,7.25,7.50,7.50,7.50,8.25,8.00,8.50"
255,85,3,Skating Skills,1.33,7.86,"8.00,8.00,7.50,7.75,7.75,7.25,7.75,8.25,8.50"
256,86,1,Composition,1.33,8.04,"8.25,7.50,7.75,8.25,8.50,7.50,7.75,8.50,8.25"
257,86,2,Presentation,1.33,8.18,"8.25,7.75,7.50,8.50,8.25,7.75,8.25,8.50,8.50"
258,86,3,Skating Skills,1.33,8.07,"8.25,8.00,7.75,8.25,8.25,7.25,7.75,8.25,8.25"
259,87,1,Composition,1.33,7.54,"7.50,8.00,7.25,7.75,7.75,7.50,7.25,7.50,7.50"
260,87,2,Presentation,1.33,7.5,"7.50,7.75,7.25,8.25,7.50,7.25,8.00,7.25,7.25"
261,87,3,Skating Skills,1.33,7.75,"7.75,8.00,7.75,7.75,7.75,7.50,8.25,7.75,7.50"
262,88,1,Composition,1.33,7.61,"7.25,8.00,7.50,7.75,7.50,7.50,7.50,8.00,7.50"
263,88,2,Presentation,1.33,7.86,"7.50,8.25,7.50,8.00,7.75,8.00,7.75,8.25,7.75"
264,88,3,Skating Skills,1.33,7.68,"7.25,7.75,7.75,7.50,7.75,7.75,7.75,7.75,7.50"
265,89,1,Composition,1.33,6.96,"7.00,7.25,6.75,7.50,6.50,6.50,6.75,7.00,7.50"
266,89,2,Presentation,1.33,7.11,"6.75,7.50,7.00,7.25,6.50,7.00,7.00,7.25,7.50"
267,89,3,Skating Skills,1.33,7.0,"7.00,7.50,6.75,7.00,6.75,6.75,7.25,6.75,7.50"
268,90,1,Composition,1.33,7.5,"7.75,7.50,7.25,7.25,7.50,7.00,7.50,8.00,7.75"
269,90,2,Presentation,1.33,7.32,"7.50,7.25,7.00,7.00,7.25,7.00,8.00,7.75,7.50"
270,90,3,Skating Skills,1.33,7.57,"7.75,7.75,7.25,7.25,7.50,7.25,7.75,8.00,7.75"
271,91,1,Composition,1.33,6.89,"7.25,7.50,6.50,6.75,6.50,6.75,6.50,7.25,7.25"
272,91,2,Presentation,1.33,6.86,"6.75,7.50,6.50,7.00,6.50,6.25,7.00,7.00,7.25"
273,91,3,Skating Skills,1.33,6.71,"6.50,7.50,6.75,6.75,6.25,6.50,6.50,6.75,7.25"
274,92,1,Composition,1.33,7.79,"7.75,8.00,8.00,7.75,7.00,7.75,7.75,8.25,7.50"
275,92,2,Presentation,1.33,7.79,"8.00,7.75,7.75,8.00,7.25,7.75,7.50,8.50,7.75"
276,92,3,Skating Skills,1.33,7.61,"7.75,7.75,8.00,7.50,7.25,7.50,7.25,7.75,7.75"
277,93,1,Composition,3.33,8.96,"8.50,9.25,9.50,9.00,8.75,9.25,8.00,8.75,9.25"
278,93,2,Presentation,3.33,9.07,"8.75,9.00,9.25,9.25,9.25,9.00,8.25,9.50,9.00"
279,93,3,Skating Skills,3.33,9.14,"9.50,9.50,9.50,9.00,9.00,9.00,8.75,9.00,9.00"
280,94,1,Composition,3.33,8.0,"8.00,8.50,7.50,8.75,7.50,8.75,7.50,8.00,7.75"
281,94,2,Presentation,3.33,8.29,"8.50,8.75,7.25,9.25,7.75,8.50,7.50,8.75,8.25"
282,94,3,Skating Skills,3.33,8.32,"8.50,8.75,7.75,8.75,8.00,8.50,7.75,8.50,8.25"
283,95,1,Composition,3.33,7.89,"7.75,8.50,7.75,8.25,8.00,8.00,6.25,7.50,8.00"
284,95,2,Presentation,3.33,7.86,"8.00,8.25,7.25,8.50,7.75,8.25,6.50,7.50,8.00"
285,95,3,Skating Skills,3.33,8.29,"8.50,8.75,7.50,8.50,8.25,8.75,7.50,8.00,8.50"
286,96,1,Composition,3.33,7.43,"7.75,8.25,6.50,7.00,7.50,8.00,6.25,7.00,8.25"
287,96,2,Presentation,3.33,7.57,"8.00,8.25,6.00,7.50,7.25,7.75,6.75,7.75,8.00"
288,96,3,Skating Skills,3.33,7.71,"8.25,8.00,6.75,8.00,7.75,8.25,7.25,7.00,7.75"
289,97,1,Composition,3.33,8.0,"8.50,8.25,7.75,8.50,7.75,8.50,7.00,6.50,8.25"
290,97,2,Presentation,3.33,7.93,"8.50,8.00,7.50,8.00,8.25,8.25,6.50,7.00,8.50"
291,97,3,Skating Skills,3.33,8.21,"8.25,8.00,8.50,8.25,8.75,8.50,7.75,8.00,8.00"
292,98,1,Composition,3.33,7.61,"7.50,7.50,7.75,7.00,7.75,7.50,7.75,7.50,7.75"
293,98,2,Presentation,3.33,8.04,"8.00,8.25,7.50,6.75,8.50,8.00,7.75,8.50,8.25"
294,98,3,Skating Skills,3.33,7.89,"7.75,8.00,7.75,7.50,8.25,8.25,7.50,8.00,8.00"
295,99,1,Composition,3.33,6.96,"7.25,7.25,6.50,7.50,7.25,7.25,6.50,6.50,6.75"
296,99,2,Presentation,3.33,7.32,"7.50,7.50,6.75,7.00,7.50,7.50,6.50,7.50,7.50"
297,99,3,Skating Skills,3.33,7.18,"7.25,7.25,6.50,8.00,7.25,7.75,7.00,6.75,7.00"
298,100,1,Composition,3.33,7.18,"7.25,8.00,6.75,7.50,7.25,7.50,6.75,7.00,7.00"
299,100,2,Presentation,3.33,7.18,"7.50,8.25,6.25,7.25,7.75,7.00,7.00,6.75,7.00"
300,100,3,Skating Skills,3.33,7.46,"7.75,8.25,6.75,7.75,7.50,7.50,7.25,7.25,7.25"
301,101,1,Composition,3.33,7.04,"7.25,7.75,6.75,7.25,7.00,7.75,5.75,7.00,6.25"
302,101,2,Presentation,3.33,7.36,"7.50,8.00,7.50,7.50,7.50,7.50,0.50,7.25,6.75"
303,101,3,Skating Skills,3.33,7.25,"7.50,7.50,7.00,7.75,7.25,7.50,7.25,6.75,6.75"
304,102,1,Composition,3.33,6.82,"7.00,7.25,6.50,6.75,7.25,8.25,6.00,5.75,7.00"
305,102,2,Presentation,3.33,7.0,"7.50,7.50,6.25,7.25,7.00,7.75,5.75,6.25,7.25"
306,102,3,Skating Skills,3.33,7.54,"7.25,7.75,7.50,7.50,7.50,7.75,7.50,7.50,7.50"
307,103,1,Composition,3.33,7.96,"8.25,8.00,7.75,7.50,8.25,8.00,8.50,7.50,8.00"
308,103,2,Presentation,3.33,8.14,"8.25,7.75,8.25,8.25,8.00,7.50,8.50,8.00,8.50"
309,103,3,Skating Skills,3.33,7.96,"7.75,8.25,7.50,8.00,8.50,8.25,7.75,7.75,8.00"
310,104,1,Composition,3.33,6.43,"6.75,7.00,6.75,6.25,6.25,6.25,6.00,5.50,6.75"
311,104,2,Presentation,3.33,6.57,"7.00,6.75,6.25,6.00,6.75,6.50,6.25,6.50,7.00"
312,104,3,Skating Skills,3.33,7.04,"7.25,7.25,7.25,6.75,6.50,6.75,7.00,7.00,7.25"
313,105,1,Composition,1.67,9.07,"9.25,9.25,9.25,9.00,8.25,8.75,9.00,9.00,9.25"
314,105,2,Presentation,1.67,9.0,"9.25,9.00,9.25,8.50,8.75,9.00,9.25,8.50,9.25"
315,105,3,Skating Skills,1.67,8.89,"9.00,9.25,9.50,9.00,8.75,8.50,8.75,8.75,8.75"
316,106,1,Composition,1.67,8.14,"8.25,8.75,8.25,8.50,8.50,8.00,7.00,7.00,8.50"
317,106,2,Presentation,1.67,8.43,"8.25,8.75,8.50,8.25,9.00,8.25,7.50,8.50,8.50"
318,106,3,Skating Skills,1.67,8.39,"8.00,8.50,8.50,8.50,8.75,8.50,8.00,8.50,8.25"
319,107,1,Composition,1.67,7.82,"8.00,8.25,7.00,8.00,7.25,8.50,7.25,8.25,7.75"
320,107,2,Presentation,1.67,8.36,"8.50,8.50,7.75,8.50,8.25,8.75,7.75,9.00,8.25"
321,107,3,Skating Skills,1.67,8.04,"7.75,8.50,7.25,8.25,8.00,8.25,7.50,8.50,8.00"
322,108,1,Composition,1.67,7.93,"8.00,8.50,7.25,8.50,7.75,7.75,7.25,8.00,8.25"
323,108,2,Presentation,1.67,7.82,"8.25,8.25,7.00,8.75,7.50,7.75,7.25,7.25,8.50"
324,108,3,Skating Skills,1.67,8.36,"8.00,8.50,8.25,8.50,8.50,8.75,7.75,8.25,8.50"
325,109,1,Composition,1.67,8.64,"8.75,8.75,7.75,8.50,8.75,9.00,8.75,8.00,9.00"
326,109,2,Presentation,1.67,9.04,"8.75,9.00,8.50,9.00,9.25,9.50,9.25,8.75,9.25"
327,109,3,Skating Skills,1.67,8.61,"8.50,8.50,8.25,8.75,8.50,9.25,8.75,8.50,8.75"
328,110,1,Composition,1.67,7.32,"7.50,8.00,7.25,7.00,7.25,7.75,7.50,6.00,7.00"
329,110,2,Presentation,1.67,7.68,"7.75,8.25,7.50,7.25,7.75,8.00,7.75,7.50,7.50"
330,110,3,Skating Skills,1.67,7.36,"7.25,7.75,7.00,7.75,7.50,7.50,7.50,7.00,7.00"
331,111,1,Composition,1.67,7.5,"7.75,8.25,7.50,6.50,7.50,7.00,7.00,8.50,7.50"
332,111,2,Presentation,1.67,7.46,"8.00,8.00,7.50,6.75,8.00,6.75,6.75,8.25,7.25"
333,111,3,Skating Skills,1.67,7.54,"7.50,7.75,7.75,7.25,7.75,7.50,6.75,7.75,7.25"
334,112,1,Composition,1.67,8.0,"8.00,8.25,8.25,7.75,7.25,8.50,8.00,7.25,8.50"
335,112,2,Presentation,1.67,7.96,"8.25,8.00,8.50,7.50,7.50,8.00,8.25,7.50,8.25"
336,112,3,Skating Skills,1.67,8.0,"8.25,7.75,8.25,8.00,7.75,8.00,8.25,7.00,8.00"
337,113,1,Composition,1.67,7.32,"7.50,7.25,7.75,7.50,6.25,7.75,5.75,7.75,7.25"
338,113,2,Presentation,1.67,7.68,"7.75,7.75,8.25,7.75,6.75,8.00,6.75,8.25,7.50"
339,113,3,Skating Skills,1.67,7.39,"7.25,7.50,7.75,7.25,7.00,7.75,7.25,7.50,7.25"
340,114,1,Composition,1.67,7.61,"7.75,8.00,7.50,7.25,7.75,8.00,7.25,6.75,7.75"
341,114,2,Presentation,1.67,7.93,"8.25,7.75,7.50,7.00,8.50,8.00,7.50,8.50,8.00"
342,114,3,Skating Skills,1.67,7.86,"7.75,8.00,8.25,7.50,8.25,8.50,7.50,7.50,7.75"
343,115,1,Composition,1.67,7.14,"7.25,7.25,6.75,7.25,7.00,7.25,6.25,7.25,7.25"
344,115,2,Presentation,1.67,7.29,"7.25,7.50,6.75,7.50,7.25,7.50,6.75,7.50,7.25"
345,115,3,Skating Skills,1.67,7.61,"7.50,8.00,7.50,7.75,7.50,7.75,7.25,7.75,7.50"
346,116,1,Composition,1.67,6.82,"7.00,7.50,7.50,6.75,6.50,6.75,6.00,6.00,7.25"
347,116,2,Presentation,1.67,6.96,"7.25,7.50,7.25,6.50,7.00,6.50,6.25,7.25,7.00"
348,116,3,Skating Skills,1.67,7.0,"7.25,7.25,7.25,6.75,6.75,7.00,7.00,7.00,6.75"
349,117,1,Composition,2.67,8.68,"8.75,8.25,8.50,9.00,8.75,8.00,8.50,9.25,9.00"
350,117,2,Presentation,2.67,8.96,"9.00,8.75,9.25,9.25,9.00,8.25,8.75,9.50,8.75"
351,117,3,Skating Skills,2.67,9.0,"9.25,9.25,9.00,9.25,8.50,8.50,9.00,9.00,9.00"
352,118,1,Composition,2.67,8.89,"9.25,9.00,8.75,9.25,8.50,7.75,8.75,8.75,9.25"
353,118,2,Presentation,2.67,9.07,"9.00,9.25,9.00,9.50,8.50,8.50,9.00,9.25,9.50"
354,118,3,Skating Skills,2.67,8.64,"8.75,8.75,8.75,9.00,8.25,8.25,8.75,8.50,8.75"
355,119,1,Composition,2.67,8.11,"8.50,7.75,7.75,8.25,7.75,7.25,8.25,8.50,8.50"
356,119,2,Presentation,2.67,8.36,"8.00,8.50,8.25,8.75,8.00,7.50,8.75,8.50,8.50"
357,119,3,Skating Skills,2.67,8.39,"8.25,8.50,8.50,8.50,8.25,8.25,8.50,8.25,8.75"
358,120,1,Composition,2.67,8.04,"8.25,8.00,8.25,8.50,8.00,7.50,8.00,7.75,8.00"
359,120,2,Presentation,2.67,8.14,"8.00,8.75,8.50,8.75,7.75,7.75,8.25,8.00,7.75"
360,120,3,Skating Skills,2.67,7.93,"7.50,8.25,8.00,8.50,7.75,8.00,7.75,7.50,8.25"
361,121,1,Composition,2.67,8.18,"8.25,7.50,8.00,8.50,8.50,7.50,8.50,8.00,8.75"
362,121,2,Presentation,2.67,8.07,"7.75,8.00,8.25,8.00,8.00,7.25,8.25,8.25,8.25"
363,121,3,Skating Skills,2.67,7.79,"8.00,7.25,7.50,8.50,7.75,7.50,8.00,7.75,8.00"
364,122,1,Composition,2.67,8.11,"7.75,8.00,8.75,8.75,7.75,8.25,7.50,7.50,8.75"
365,122,2,Presentation,2.67,8.18,"7.50,8.50,8.75,8.50,8.25,8.25,7.75,7.75,8.25"
366,122,3,Skating Skills,2.67,8.11,"7.75,8.25,8.25,8.25,7.75,8.50,8.00,7.25,8.50"
367,123,1,Composition,2.67,6.61,"6.75,6.25,6.75,7.25,6.75,6.00,5.75,6.50,7.50"
368,123,2,Presentation,2.67,6.82,"6.25,7.00,7.00,7.25,7.25,6.25,5.25,6.75,8.00"
369,123,3,Skating Skills,2.67,7.21,"7.25,7.25,7.25,7.50,7.25,7.25,6.25,6.75,7.75"
370,124,1,Composition,2.67,6.5,"6.50,6.50,6.75,6.25,7.00,6.50,6.00,6.75,6.25"
371,124,2,Presentation,2.67,6.68,"7.25,7.25,7.00,6.25,7.25,6.25,5.75,6.25,6.50"
372,124,3,Skating Skills,2.67,6.79,"6.75,6.75,6.75,6.50,7.00,6.75,6.75,6.75,7.00"
373,125,1,Composition,2.67,7.39,"7.25,7.75,7.25,7.25,7.75,7.00,7.75,7.25,7.25"
374,125,2,Presentation,2.67,7.07,"6.50,7.25,7.25,7.25,7.25,6.50,7.25,6.75,7.50"
375,125,3,Skating Skills,2.67,7.5,"7.50,7.50,7.50,7.50,7.50,7.50,7.50,7.25,7.75"
376,126,1,Composition,2.67,5.64,"5.75,5.00,6.00,6.00,5.75,5.50,5.50,5.75,5.25"
377,126,2,Presentation,2.67,5.89,"6.00,6.25,6.50,6.50,5.50,5.50,5.00,6.00,5.50"
378,126,3,Skating Skills,2.67,6.32,"6.25,6.00,6.75,6.75,6.25,6.00,6.00,6.50,6.50"
379,127,1,Composition,2.67,6.36,"5.50,4.50,6.75,7.00,6.75,5.75,6.50,6.75,6.50"
380,127,2,Presentation,2.67,6.46,"5.75,6.25,7.00,7.50,7.00,5.50,6.00,6.50,6.75"
381,127,3,Skating Skills,2.67,7.14,"6.75,7.25,7.25,7.50,7.25,6.75,7.00,7.25,7.25"
382,128,1,Composition,2.67,6.68,"6.75,5.25,6.25,6.75,7.25,6.25,6.75,7.25,6.75"
383,128,2,Presentation,2.67,6.64,"6.50,6.50,6.50,7.00,6.75,6.00,6.50,6.75,7.00"
384,128,3,Skating Skills,2.67,6.75,"7.00,5.75,6.75,7.75,7.00,6.50,6.25,7.00,6.75"
385,129,1,Composition,1.33,8.29,"8.75,8.75,8.50,8.00,8.25,8.00,8.00,8.25,8.25"
386,129,2,Presentation,1.33,8.36,"9.00,8.25,8.50,8.25,8.50,8.00,8.25,8.50,8.25"
387,129,3,Skating Skills,1.33,8.57,"8.75,9.25,8.75,8.00,8.50,8.25,8.50,8.50,8.75"
388,130,1,Composition,1.33,8.64,"9.50,9.00,8.50,8.50,8.50,8.00,8.50,8.50,9.00"
389,130,2,Presentation,1.33,8.86,"9.25,9.25,8.75,8.75,8.75,8.25,8.75,8.50,9.25"
390,130,3,Skating Skills,1.33,8.61,"8.75,8.75,8.50,8.50,8.50,7.75,8.75,8.75,8.50"
391,131,1,Composition,1.33,8.29,"7.75,8.50,8.75,7.50,8.25,8.25,8.25,8.25,8.75"
392,131,2,Presentation,1.33,8.18,"7.50,8.50,8.50,7.50,8.25,8.00,8.00,8.75,8.50"
393,131,3,Skating Skills,1.33,7.75,"7.25,8.00,7.75,7.75,7.50,7.50,7.75,8.50,8.00"
394,132,1,Composition,1.33,7.75,"7.75,8.00,8.25,7.25,7.50,7.25,7.25,8.25,8.75"
395,132,2,Presentation,1.33,7.89,"8.25,7.75,8.50,7.75,7.75,7.50,7.50,8.00,8.25"
396,132,3,Skating Skills,1.33,8.11,"8.25,8.25,8.25,7.75,7.75,8.00,7.75,8.50,8.50"
397,133,1,Composition,1.33,7.89,"8.50,7.25,8.50,8.00,8.00,7.50,7.75,7.25,8.25"
398,133,2,Presentation,1.33,8.25,"8.75,8.50,8.25,8.50,8.25,8.00,8.25,7.00,8.00"
399,133,3,Skating Skills,1.33,8.04,"8.00,8.25,7.75,8.25,8.00,8.25,8.25,6.75,7.75"
400,134,1,Composition,1.33,7.93,"7.75,7.25,8.00,7.50,8.25,8.75,8.25,7.50,8.25"
401,134,2,Presentation,1.33,8.29,"8.25,8.25,8.75,7.75,8.75,8.50,8.50,7.00,8.00"
402,134,3,Skating Skills,1.33,7.89,"8.00,7.75,7.75,7.75,8.25,8.50,8.00,7.25,7.75"
403,135,1,Composition,1.33,7.68,"7.25,8.25,8.75,7.25,8.00,7.75,7.50,7.50,7.50"
404,135,2,Presentation,1.33,7.79,"7.75,8.25,9.00,7.25,7.50,7.50,8.00,7.75,7.75"
405,135,3,Skating Skills,1.33,7.61,"7.25,7.75,8.50,7.50,7.50,7.50,7.75,7.25,8.00"
406,136,1,Composition,1.33,6.82,"7.50,6.25,7.75,7.25,7.50,6.00,6.25,6.50,6.50"
407,136,2,Presentation,1.33,7.18,"7.75,6.75,8.00,7.75,7.50,6.25,7.00,6.75,6.75"
408,136,3,Skating Skills,1.33,7.0,"7.25,6.75,7.00,7.50,7.25,6.75,6.75,7.00,7.00"
409,137,1,Composition,1.33,6.75,"6.75,5.25,6.75,7.25,6.25,6.25,6.75,7.25,7.50"
410,137,2,Presentation,1.33,6.79,"7.00,6.25,7.25,7.25,6.50,6.50,6.25,7.00,7.00"
411,137,3,Skating Skills,1.33,7.25,"7.50,7.00,7.50,7.50,7.00,7.00,7.25,7.25,7.25"
412,138,1,Composition,1.33,6.39,"6.50,5.75,6.75,7.00,7.00,6.25,6.00,6.25,6.00"
413,138,2,Presentation,1.33,6.57,"6.75,6.50,7.00,7.50,7.25,6.00,5.75,6.75,5.75"
414,138,3,Skating Skills,1.33,6.75,"7.00,6.75,6.25,7.25,6.75,6.25,7.00,7.25,6.25"
415,139,1,Composition,1.33,6.11,"6.00,5.50,5.75,6.75,6.00,6.00,6.50,6.25,6.25"
416,139,2,Presentation,1.33,5.86,"6.25,6.25,5.25,6.50,5.50,5.25,6.00,5.75,6.00"
417,139,3,Skating Skills,1.33,6.18,"6.50,5.75,6.00,6.75,6.25,5.75,6.25,6.00,6.50"
418,140,1,Composition,1.33,6.93,"7.25,6.00,7.25,7.25,7.00,6.25,6.75,6.75,7.25"
419,140,2,Presentation,1.33,6.75,"6.75,6.50,7.50,6.75,7.50,6.00,6.50,6.25,7.00"
420,140,3,Skating Skills,1.33,7.25,"7.50,7.25,7.25,7.25,7.25,7.25,7.00,6.75,7.50"
421,141,1,Composition,3.33,8.79,"8.75,9.00,8.25,9.25,8.75,9.00,8.75,8.50,8.75"
422,141,2,Presentation,3.33,8.79,"8.50,8.75,8.50,8.75,9.00,9.00,8.75,9.00,8.75"
423,141,3,Skating Skills,3.33,8.93,"8.50,9.00,8.75,9.00,9.25,9.25,8.75,8.75,9.00"
424,142,1,Composition,3.33,8.61,"8.50,8.50,8.75,9.00,8.75,8.50,8.75,7.75,8.50"
425,142,2,Presentation,3.33,8.54,"8.50,8.50,8.75,8.50,9.00,8.50,8.75,8.25,8.25"
426,142,3,Skating Skills,3.33,8.57,"8.00,8.50,8.75,8.50,8.75,8.50,8.50,9.00,8.50"
427,143,1,Composition,3.33,8.0,"7.75,8.50,8.25,7.75,8.25,8.25,7.75,7.00,8.00"
428,143,2,Presentation,3.33,7.75,"8.00,8.25,7.50,7.25,8.25,8.25,7.25,6.75,7.75"
429,143,3,Skating Skills,3.33,7.82,"8.00,8.00,7.75,7.50,7.75,8.00,7.50,7.75,8.00"
430,144,1,Composition,3.33,8.04,"8.00,8.25,8.50,7.50,8.25,8.00,7.75,8.00,8.00"
431,144,2,Presentation,3.33,8.29,"8.25,8.00,8.75,7.75,8.50,8.50,8.25,8.25,8.25"
432,144,3,Skating Skills,3.33,8.07,"8.00,8.25,8.25,7.75,8.50,8.00,8.00,7.75,8.25"
433,145,1,Composition,3.33,8.0,"8.25,8.00,8.00,8.25,8.00,7.75,8.00,7.00,8.00"
434,145,2,Presentation,3.33,8.0,"8.25,7.75,8.25,8.00,8.25,7.75,7.75,7.50,8.25"
435,145,3,Skating Skills,3.33,8.21,"8.00,8.25,8.50,8.00,8.50,8.00,7.75,8.25,8.50"
436,146,1,Composition,3.33,8.64,"8.00,8.75,8.75,9.00,8.25,8.50,8.75,8.75,8.75"
437,146,2,Presentation,3.33,8.61,"8.25,8.75,8.75,8.50,8.50,8.50,8.50,9.00,8.75"
438,146,3,Skating Skills,3.33,8.61,"7.75,8.75,8.50,8.75,8.50,8.50,8.50,9.25,8.75"
439,147,1,Composition,3.33,7.96,"8.00,8.25,7.75,7.75,8.25,8.00,8.25,6.75,7.75"
440,147,2,Presentation,3.33,7.96,"7.50,7.75,8.50,7.75,8.00,8.50,8.00,7.75,8.00"
441,147,3,Skating Skills,3.33,7.96,"7.75,7.75,8.25,8.00,8.25,8.00,7.75,8.00,8.00"
442,148,1,Composition,3.33,7.21,"7.50,7.00,7.25,6.50,7.50,7.50,7.50,6.50,7.25"
443,148,2,Presentation,3.33,7.18,"7.25,6.50,7.00,6.75,7.25,7.50,7.25,7.50,7.25"
444,148,3,Skating Skills,3.33,7.32,"7.50,7.25,7.00,7.25,7.75,7.25,7.50,7.00,7.50"
445,149,1,Composition,3.33,7.61,"7.75,7.50,8.00,7.50,7.50,7.50,7.75,7.75,6.75"
446,149,2,Presentation,3.33,7.54,"7.75,7.75,8.25,7.25,7.25,7.25,7.50,8.00,7.00"
447,149,3,Skating Skills,3.33,7.68,"7.50,8.00,7.75,7.50,7.75,7.50,7.25,8.25,7.75"
448,150,1,Composition,3.33,7.46,"7.50,7.75,7.00,7.25,7.50,7.50,8.00,6.50,7.75"
449,150,2,Presentation,3.33,7.21,"7.00,8.00,7.25,6.75,7.25,7.50,7.50,6.75,7.25"
450,150,3,Skating Skills,3.33,7.43,"7.25,8.00,7.25,7.25,7.50,7.50,7.50,7.50,7.50"
451,151,1,Composition,3.33,6.57,"7.00,6.00,6.50,7.25,7.25,5.00,7.25,5.00,7.00"
452,151,2,Presentation,3.33,6.71,"7.75,6.25,7.50,7.25,6.75,5.50,6.75,5.75,6.75"
453,151,3,Skating Skills,3.33,6.89,"7.25,6.75,7.00,7.00,7.25,6.50,6.75,6.00,7.00"
454,152,1,Composition,3.33,6.36,"6.75,6.00,7.00,5.75,6.00,6.25,6.75,6.50,6.25"
455,152,2,Presentation,3.33,6.25,"6.50,6.00,7.25,5.50,5.75,6.00,6.50,7.00,6.00"
456,152,3,Skating Skills,3.33,6.32,"6.00,6.25,6.25,6.25,6.25,6.00,6.50,6.75,7.00"
457,153,1,Composition,1.67,8.75,"8.50,9.25,8.75,8.75,9.00,8.75,8.75,8.50,8.75"
458,153,2,Presentation,1.67,8.86,"8.50,9.25,8.75,8.50,8.75,8.75,9.25,9.00,9.00"
459,153,3,Skating Skills,1.67,8.54,"8.75,8.75,8.25,8.50,8.50,8.50,8.50,8.25,9.00"
460,154,1,Composition,1.67,7.68,"7.50,7.75,8.00,7.50,8.00,7.75,7.25,6.25,8.00"
461,154,2,Presentation,1.67,7.61,"8.00,7.75,7.50,7.25,7.75,7.75,7.50,7.25,7.75"
462,154,3,Skating Skills,1.67,7.36,"7.50,7.25,7.50,7.25,7.75,7.50,7.00,6.75,7.50"
463,155,1,Composition,1.67,8.71,"8.25,8.75,8.50,9.00,8.75,8.50,9.00,8.50,9.00"
464,155,2,Presentation,1.67,8.61,"8.50,8.75,8.50,8.50,8.50,8.50,8.75,8.75,8.75"
465,155,3,Skating Skills,1.67,8.82,"8.25,8.75,8.75,8.75,9.00,8.75,9.00,8.75,9.00"
466,156,1,Composition,1.67,8.75,"8.50,9.00,8.50,8.75,8.75,9.00,8.50,9.25,8.75"
467,156,2,Presentation,1.67,8.96,"8.75,9.25,8.75,8.75,8.50,9.00,9.00,9.50,9.25"
468,156,3,Skating Skills,1.67,8.71,"8.75,8.75,8.25,8.50,8.75,8.75,9.00,8.75,8.75"
469,157,1,Composition,1.67,8.0,"7.75,7.75,8.25,8.25,7.75,8.25,7.50,8.25,8.00"
470,157,2,Presentation,1.67,7.79,"7.50,7.50,8.00,7.75,7.50,8.00,8.00,7.75,8.25"
471,157,3,Skating Skills,1.67,7.64,"7.25,8.00,7.75,7.50,7.25,8.00,7.75,7.25,8.25"
472,158,1,Composition,1.67,7.71,"8.00,7.50,7.75,7.25,7.75,8.00,7.00,7.75,8.00"
473,158,2,Presentation,1.67,8.07,"8.25,7.75,8.50,7.75,8.00,8.00,7.50,8.50,8.25"
474,158,3,Skating Skills,1.67,7.86,"7.75,8.25,8.00,7.50,8.25,7.75,7.50,7.50,8.25"
475,159,1,Composition,1.67,7.75,"8.25,8.25,7.50,7.50,7.50,7.50,8.25,6.25,7.75"
476,159,2,Presentation,1.67,7.75,"8.00,7.75,7.75,7.75,7.50,8.25,8.00,6.00,7.50"
477,159,3,Skating Skills,1.67,8.32,"8.50,8.50,8.25,8.25,8.00,8.50,8.25,8.25,8.25"
478,160,1,Composition,1.67,7.96,"7.50,8.00,8.00,8.75,8.25,8.25,8.00,7.00,7.75"
479,160,2,Presentation,1.67,8.04,"8.00,7.75,8.25,8.50,7.75,8.25,8.25,8.00,7.75"
480,160,3,Skating Skills,1.67,7.93,"7.50,8.25,8.00,8.50,8.00,8.00,7.75,7.50,8.00"
481,161,1,Composition,1.67,7.71,"7.25,7.75,8.00,8.00,7.50,8.00,7.75,7.50,7.50"
482,161,2,Presentation,1.67,8.0,"7.75,7.75,8.25,8.25,7.75,8.00,7.50,8.50,8.25"
483,161,3,Skating Skills,1.67,7.75,"7.50,8.25,7.75,7.75,7.75,7.75,7.50,7.75,8.00"
484,162,1,Composition,1.67,7.0,"7.00,6.75,7.00,7.50,7.25,7.00,6.50,4.75,7.50"
485,162,2,Presentation,1.67,7.11,"7.75,6.75,7.25,7.25,7.00,7.00,7.25,6.25,7.25"
486,162,3,Skating Skills,1.67,7.29,"7.50,7.50,7.25,7.50,7.50,6.75,7.00,6.00,7.75"
487,163,1,Composition,1.67,7.18,"7.00,7.00,7.00,7.50,7.25,7.75,6.50,6.75,7.75"
488,163,2,Presentation,1.67,7.21,"7.75,6.75,6.75,7.75,7.25,7.50,7.00,7.00,7.25"
489,163,3,Skating Skills,1.67,7.25,"7.25,7.50,7.00,7.25,7.50,7.50,6.75,6.50,7.50"
490,164,1,Composition,1.67,6.79,"6.50,6.75,7.25,7.00,6.25,6.50,6.75,7.25,6.75"
491,164,2,Presentation,1.67,6.39,"6.25,6.25,6.75,6.25,6.00,6.25,6.50,6.75,6.50"
492,164,3,Skating Skills,1.67,6.61,"7.00,6.25,6.50,6.50,6.50,6.50,6.75,6.50,7.00"
493,165,1,Composition,2.67,8.75,"8.50,9.00,9.00,9.25,8.75,8.00,8.50,8.75,8.75"
494,165,2,Presentation,2.67,8.61,"8.75,8.75,8.75,9.00,8.50,8.50,8.25,8.50,8.50"
495,165,3,Skating Skills,2.67,8.82,"9.00,9.00,8.75,9.25,8.75,8.75,8.00,8.50,9.00"
496,166,1,Composition,2.67,8.36,"9.00,8.50,8.25,8.25,8.25,8.50,8.50,8.25,8.00"
497,166,2,Presentation,2.67,8.57,"8.75,8.25,8.25,8.75,8.50,8.75,8.75,8.75,8.25"
498,166,3,Skating Skills,2.67,8.39,"9.25,8.25,7.75,8.25,8.50,8.25,8.50,8.50,8.50"
499,167,1,Composition,2.67,7.82,"7.50,7.75,8.25,8.00,7.50,7.75,8.25,8.00,7.50"
500,167,2,Presentation,2.67,7.93,"8.00,7.50,8.00,8.50,7.50,8.00,8.00,8.00,8.00"
501,167,3,Skating Skills,2.67,8.04,"8.25,8.00,8.25,8.50,8.00,8.25,7.75,7.75,7.75"
502,168,1,Composition,2.67,8.14,"8.50,8.25,7.75,8.50,8.00,8.25,7.75,8.25,8.00"
503,168,2,Presentation,2.67,8.18,"8.50,8.00,8.25,8.50,8.00,8.25,7.75,8.00,8.25"
504,168,3,Skating Skills,2.67,7.79,"8.25,8.00,7.50,7.75,7.75,7.75,7.50,8.00,7.75"
505,169,1,Composition,2.67,7.46,"7.50,7.25,7.25,7.50,7.50,7.25,7.50,7.75,8.00"
506,169,2,Presentation,2.67,7.75,"8.00,7.50,7.50,8.00,7.25,7.50,8.00,8.00,7.75"
507,169,3,Skating Skills,2.67,7.68,"7.75,7.75,7.75,8.00,7.75,7.75,7.50,7.50,7.25"
508,170,1,Composition,2.67,6.89,"7.25,6.75,6.50,7.50,6.50,6.50,7.25,7.25,6.75"
509,170,2,Presentation,2.67,6.79,"7.00,6.50,6.75,7.25,6.00,7.00,6.50,7.25,6.50"
510,170,3,Skating Skills,2.67,6.68,"6.50,7.00,6.50,7.00,6.75,6.25,7.00,6.75,6.25"
511,171,1,Composition,2.67,7.54,"7.50,7.25,7.50,8.00,7.75,7.50,7.50,7.75,7.25"
512,171,2,Presentation,2.67,7.25,"7.25,7.00,7.25,8.00,7.25,7.50,7.00,7.50,7.00"
513,171,3,Skating Skills,2.67,7.64,"8.00,7.50,7.75,8.25,7.75,7.50,6.75,7.50,7.50"
514,172,1,Composition,2.67,7.07,"7.00,6.75,7.25,7.25,6.75,7.00,7.00,7.50,7.25"
515,172,2,Presentation,2.67,6.79,"7.00,6.50,7.00,7.00,6.50,6.50,6.75,7.25,6.75"
516,172,3,Skating Skills,2.67,6.86,"7.25,6.75,7.50,6.75,6.25,7.00,6.75,7.00,6.50"
517,173,1,Composition,2.67,6.96,"6.75,6.75,7.75,7.50,6.75,6.50,7.25,7.00,6.75"
518,173,2,Presentation,2.67,6.96,"7.00,6.25,7.50,7.25,6.50,6.50,7.25,7.25,7.00"
519,173,3,Skating Skills,2.67,6.79,"6.75,7.00,7.25,7.50,6.25,6.50,6.75,6.50,6.75"
520,174,1,Composition,2.67,6.5,"6.50,6.50,6.75,7.25,6.25,6.00,6.75,6.50,6.25"
521,174,2,Presentation,2.67,6.25,"6.50,6.25,6.50,6.50,6.00,6.00,6.25,6.25,5.50"
522,174,3,Skating Skills,2.67,6.5,"6.25,6.75,6.50,7.00,6.50,6.25,6.50,6.75,5.75"
523,175,1,Composition,1.33,8.32,"9.00,8.25,8.00,7.50,8.50,8.50,8.25,8.50,8.25"
524,175,2,Presentation,1.33,8.54,"8.75,8.50,8.75,8.00,8.75,8.50,8.50,8.75,8.00"
525,175,3,Skating Skills,1.33,8.43,"8.50,8.50,8.50,8.00,8.50,8.25,8.25,8.50,8.50"
526,176,1,Composition,1.33,8.57,"9.00,8.75,8.50,9.25,8.50,8.50,8.50,8.25,8.25"
527,176,2,Presentation,1.33,8.61,"8.75,8.50,8.75,9.00,8.25,8.75,8.00,8.50,8.75"
528,176,3,Skating Skills,1.33,8.82,"8.75,8.75,9.00,9.25,8.75,9.00,8.50,8.50,9.00"
529,177,1,Composition,1.33,7.61,"7.75,7.25,7.75,8.25,7.00,7.50,7.50,7.75,7.75"
530,177,2,Presentation,1.33,7.93,"8.00,7.00,8.25,8.50,7.25,7.50,8.00,8.25,8.25"
531,177,3,Skating Skills,1.33,7.68,"7.50,7.50,7.75,8.25,7.50,7.25,7.75,8.00,7.75"
532,178,1,Composition,1.33,8.21,"8.75,8.00,8.25,8.25,8.25,8.25,8.00,8.50,8.00"
533,178,2,Presentation,1.33,8.18,"8.50,7.75,8.00,8.25,8.00,8.00,8.25,8.25,8.50"
534,178,3,Skating Skills,1.33,7.96,"8.00,8.00,7.50,7.75,8.25,7.75,7.75,8.25,8.25"
535,179,1,Composition,1.33,7.75,"8.50,7.50,7.25,8.25,8.00,7.50,8.00,7.50,7.50"
536,179,2,Presentation,1.33,7.71,"8.00,7.50,7.50,8.25,7.75,7.50,7.75,7.75,7.75"
537,179,3,Skating Skills,1.33,7.93,"8.25,7.75,7.75,8.50,8.25,7.75,8.00,7.75,7.25"
538,180,1,Composition,1.33,7.79,"7.75,7.75,8.00,8.25,7.25,8.25,7.75,7.75,6.75"
539,180,2,Presentation,1.33,7.61,"7.50,7.50,8.25,7.75,7.50,8.00,7.50,7.50,7.25"
540,180,3,Skating Skills,1.33,7.89,"7.75,8.00,8.50,8.00,7.75,8.25,7.75,7.75,7.25"
541,181,1,Composition,1.33,6.93,"6.75,7.00,8.00,7.50,7.00,6.25,7.25,6.75,6.25"
542,181,2,Presentation,1.33,7.11,"6.75,6.75,8.25,7.50,7.25,6.50,7.75,7.25,6.50"
543,181,3,Skating Skills,1.33,6.89,"6.50,7.00,7.75,7.25,6.75,6.25,7.50,7.00,6.00"
544,182,1,Composition,1.33,7.29,"7.75,7.25,7.00,7.25,6.75,7.25,7.75,7.00,7.50"
545,182,2,Presentation,1.33,7.04,"7.25,6.75,7.00,7.50,6.50,6.75,7.00,7.50,7.00"
546,182,3,Skating Skills,1.33,7.11,"7.25,7.00,6.75,7.00,6.25,7.25,7.50,7.75,7.00"
547,183,1,Composition,1.33,6.71,"6.75,6.50,6.75,7.00,6.50,6.25,7.25,7.00,6.50"
548,183,2,Presentation,1.33,6.61,"6.50,6.50,6.75,7.25,6.25,6.50,7.00,6.75,6.00"
549,183,3,Skating Skills,1.33,6.39,"6.25,6.25,6.50,6.75,6.00,5.75,6.75,7.25,6.25"
550,184,1,Composition,1.33,8.04,"8.50,8.00,8.25,8.00,8.25,8.25,8.00,7.50,7.25"
551,184,2,Presentation,1.33,7.79,"8.00,7.75,7.75,7.75,7.75,7.75,7.75,8.00,7.00"
552,184,3,Skating Skills,1.33,8.04,"8.25,8.00,8.50,8.25,8.00,8.25,8.00,7.50,7.50"
553,185,1,Composition,1.33,6.21,"6.25,6.25,7.00,6.25,5.75,6.00,6.50,6.50,5.75"
554,185,2,Presentation,1.33,6.07,"6.25,6.00,6.50,6.00,5.50,6.25,6.00,6.75,5.00"
555,185,3,Skating Skills,1.33,6.18,"6.00,6.50,6.75,6.50,6.00,6.00,6.25,6.00,5.50"
